{
    "total_count": 85503,
    "incomplete_results": false,
    "items": [
      {
        "id": 121395510,
        "node_id": "MDEwOlJlcG9zaXRvcnkxMjEzOTU1MTA=",
        "name": "CS-Notes",
        "full_name": "CyC2018/CS-Notes",
        "private": false,
        "owner": {
          "login": "CyC2018",
          "id": 36260787,
          "node_id": "MDQ6VXNlcjM2MjYwNzg3",
          "avatar_url": "https://avatars3.githubusercontent.com/u/36260787?v=4",
          "gravatar_id": "",
          "url": "https://api.github.com/users/CyC2018",
          "html_url": "https://github.com/CyC2018",
          "followers_url": "https://api.github.com/users/CyC2018/followers",
          "following_url": "https://api.github.com/users/CyC2018/following{/other_user}",
          "gists_url": "https://api.github.com/users/CyC2018/gists{/gist_id}",
          "starred_url": "https://api.github.com/users/CyC2018/starred{/owner}{/repo}",
          "subscriptions_url": "https://api.github.com/users/CyC2018/subscriptions",
          "organizations_url": "https://api.github.com/users/CyC2018/orgs",
          "repos_url": "https://api.github.com/users/CyC2018/repos",
          "events_url": "https://api.github.com/users/CyC2018/events{/privacy}",
          "received_events_url": "https://api.github.com/users/CyC2018/received_events",
          "type": "User",
          "site_admin": false
        },
        "html_url": "https://github.com/CyC2018/CS-Notes",
        "description": ":books: Tech Interview Guide 技术面试必备基础知识、Leetcode 题解、Java、C++、Python、后端面试、操作系统、计算机网络、系统设计",
        "fork": false,
        "url": "https://api.github.com/repos/CyC2018/CS-Notes",
        "forks_url": "https://api.github.com/repos/CyC2018/CS-Notes/forks",
        "keys_url": "https://api.github.com/repos/CyC2018/CS-Notes/keys{/key_id}",
        "collaborators_url": "https://api.github.com/repos/CyC2018/CS-Notes/collaborators{/collaborator}",
        "teams_url": "https://api.github.com/repos/CyC2018/CS-Notes/teams",
        "hooks_url": "https://api.github.com/repos/CyC2018/CS-Notes/hooks",
        "issue_events_url": "https://api.github.com/repos/CyC2018/CS-Notes/issues/events{/number}",
        "events_url": "https://api.github.com/repos/CyC2018/CS-Notes/events",
        "assignees_url": "https://api.github.com/repos/CyC2018/CS-Notes/assignees{/user}",
        "branches_url": "https://api.github.com/repos/CyC2018/CS-Notes/branches{/branch}",
        "tags_url": "https://api.github.com/repos/CyC2018/CS-Notes/tags",
        "blobs_url": "https://api.github.com/repos/CyC2018/CS-Notes/git/blobs{/sha}",
        "git_tags_url": "https://api.github.com/repos/CyC2018/CS-Notes/git/tags{/sha}",
        "git_refs_url": "https://api.github.com/repos/CyC2018/CS-Notes/git/refs{/sha}",
        "trees_url": "https://api.github.com/repos/CyC2018/CS-Notes/git/trees{/sha}",
        "statuses_url": "https://api.github.com/repos/CyC2018/CS-Notes/statuses/{sha}",
        "languages_url": "https://api.github.com/repos/CyC2018/CS-Notes/languages",
        "stargazers_url": "https://api.github.com/repos/CyC2018/CS-Notes/stargazers",
        "contributors_url": "https://api.github.com/repos/CyC2018/CS-Notes/contributors",
        "subscribers_url": "https://api.github.com/repos/CyC2018/CS-Notes/subscribers",
        "subscription_url": "https://api.github.com/repos/CyC2018/CS-Notes/subscription",
        "commits_url": "https://api.github.com/repos/CyC2018/CS-Notes/commits{/sha}",
        "git_commits_url": "https://api.github.com/repos/CyC2018/CS-Notes/git/commits{/sha}",
        "comments_url": "https://api.github.com/repos/CyC2018/CS-Notes/comments{/number}",
        "issue_comment_url": "https://api.github.com/repos/CyC2018/CS-Notes/issues/comments{/number}",
        "contents_url": "https://api.github.com/repos/CyC2018/CS-Notes/contents/{+path}",
        "compare_url": "https://api.github.com/repos/CyC2018/CS-Notes/compare/{base}...{head}",
        "merges_url": "https://api.github.com/repos/CyC2018/CS-Notes/merges",
        "archive_url": "https://api.github.com/repos/CyC2018/CS-Notes/{archive_format}{/ref}",
        "downloads_url": "https://api.github.com/repos/CyC2018/CS-Notes/downloads",
        "issues_url": "https://api.github.com/repos/CyC2018/CS-Notes/issues{/number}",
        "pulls_url": "https://api.github.com/repos/CyC2018/CS-Notes/pulls{/number}",
        "milestones_url": "https://api.github.com/repos/CyC2018/CS-Notes/milestones{/number}",
        "notifications_url": "https://api.github.com/repos/CyC2018/CS-Notes/notifications{?since,all,participating}",
        "labels_url": "https://api.github.com/repos/CyC2018/CS-Notes/labels{/name}",
        "releases_url": "https://api.github.com/repos/CyC2018/CS-Notes/releases{/id}",
        "deployments_url": "https://api.github.com/repos/CyC2018/CS-Notes/deployments",
        "created_at": "2018-02-13T14:56:24Z",
        "updated_at": "2019-10-04T13:21:07Z",
        "pushed_at": "2019-09-24T08:10:31Z",
        "git_url": "git://github.com/CyC2018/CS-Notes.git",
        "ssh_url": "git@github.com:CyC2018/CS-Notes.git",
        "clone_url": "https://github.com/CyC2018/CS-Notes.git",
        "svn_url": "https://github.com/CyC2018/CS-Notes",
        "homepage": "https://cyc2018.github.io/CS-Notes",
        "size": 106862,
        "stargazers_count": 79099,
        "watchers_count": 79099,
        "language": "Java",
        "has_issues": true,
        "has_projects": true,
        "has_downloads": true,
        "has_wiki": true,
        "has_pages": true,
        "forks_count": 25258,
        "mirror_url": null,
        "archived": false,
        "disabled": false,
        "open_issues_count": 21,
        "license": null,
        "forks": 25258,
        "open_issues": 21,
        "watchers": 79099,
        "default_branch": "master",
        "score": 0.0
      }
    ]
}